FID,LAD22CD,LAD22NM,BNG_E,BNG_N,LONG,LAT,Shape__Area,Shape__Length,GlobalID
1,E06000001,Hartlepool,447160,531474,-1.27018,54.67614,93771263.0705261,68413.3636920917,dbfb122d-054d-421a-a5b5-39cec8bd2b81
2,E06000002,Middlesbrough,451141,516887,-1.21099,54.54467,53858428.6908417,43642.4591034668,db730d2b-fbab-40b4-9a4c-6447a3c001b2
3,E06000003,Redcar and Cleveland,464361,519597,-1.00608,54.56752,245143000.360794,94931.0117858909,31821567-9194-434e-bbeb-cc2ca8c3042e
4,E06000004,Stockton-on-Tees,444940,518183,-1.30664,54.55691,204902859.61412,118334.62620432,90a305d8-b2dd-41dc-9894-ba1c6059e961
5,E06000005,Darlington,428029,515648,-1.56835,54.53534,197488899.702225,105774.854239891,fa958550-3039-4707-8f84-30b0cd5a6738
6,E06000006,Halton,354246,382146,-2.68853,53.33424,79079000.7376404,76326.578394829,f263037d-8ad7-475c-a18f-56b6ace3744c
7,E06000007,Warrington,362744,388456,-2.56167,53.39163,180624568.396362,111927.354752336,a8888e4f-d5f8-4ed7-b195-77a9dbdd9d7f
8,E06000008,Blackburn with Darwen,369490,422806,-2.4636,53.7008,137059917.796082,63757.6844987132,e6f4eb89-b7ab-4246-b803-269b7746a9ec
9,E06000009,Blackpool,332819,436635,-3.02199,53.82164,34867984.2211761,33974.5944118503,febe4951-3fe1-433b-8c72-8179f5f2a6b1
10,E06000010,"Kingston upon Hull, City of",511894,431650,-0.30382,53.7692,71610659.5570221,64230.2156750917,86fd0ecf-dd73-4afd-b305-f2da2074f466
11,E06000011,East Riding of Yorkshire,488056,443597,-0.66195,53.88112,2404951567.5988,496071.066191839,5d7d4694-9768-496e-9066-24808c9b8fcb
12,E06000012,North East Lincolnshire,523465,404564,-0.13911,53.52327,192712795.084244,90919.1354933421,befff526-803b-43ce-94e8-3f0e21fa398c
13,E06000013,North Lincolnshire,497800,410993,-0.52407,53.58643,846531048.649643,240856.606320973,18d57a52-a418-42e6-aa9e-74a2c7587826
14,E06000014,York,460864,452589,-1.07375,53.96582,271928838.329453,100422.169688369,5453a4c5-1a45-4b79-86fd-a4e66e01d6b8
15,E06000015,Derby,435609,335375,-1.47189,52.91464,78022289.1744232,49198.9944832408,0f6d1967-52c0-4726-886d-a7c8a26bffde
16,E06000016,Leicester,458946,304594,-1.1304,52.63592,73380811.9385834,50702.0153359313,877a8f4c-d1e4-453b-8349-c9f608fdd0bb
17,E06000017,Rutland,492992,308655,-0.6263,52.66765,393739390.519028,120307.567078112,20f99bb5-8a76-43cf-aae7-2170e7815976
18,E06000018,Nottingham,456082,339969,-1.16667,52.95419,74600457.6352234,58005.154238613,f882deb8-80d6-4f7b-8837-80e6e1738fb0
19,E06000019,"Herefordshire, County of",349434,242834,-2.73931,52.08154,2179672121.82264,338736.344086574,0981d94f-a902-46d0-9839-d2a845bb83ab
20,E06000020,Telford and Wrekin,367035,313057,-2.48941,52.71417,290325579.662094,115373.310855788,a00a55cb-6346-4740-aec2-119ea61a53d2
21,E06000021,Stoke-on-Trent,389438,346652,-2.15888,53.01707,93408768.8278961,62204.4015045025,d64b818f-6468-4e50-b14d-8748058fb0e0
22,E06000022,Bath and North East Somerset,366217,161999,-2.48654,51.35604,351162481.349098,137361.544956717,45a6dd36-9618-411f-a63e-79fc4cf6f81b
23,E06000023,"Bristol, City of",359990,174846,-2.57742,51.47115,109684371.629292,110430.585441357,00b28892-3dff-41f9-a41b-102156e89f73
24,E06000024,North Somerset,347614,166718,-2.75438,51.39706,374667064.565857,148586.242755985,fe777a52-5eb3-413d-abe2-f206103dfdc3
25,E06000025,South Gloucestershire,367559,183198,-2.46922,51.54673,497027510.024757,141237.939918453,40a3324f-fe10-41f3-9b1e-86938438a38c
26,E06000026,Plymouth,249945,58255,-4.11297,50.40494,79841773.9119225,87101.967833359,a5444b29-6484-4c16-9423-c2b8506948fb
27,E06000027,Torbay,289730,64613,-3.55523,50.47092,62914311.0202379,72309.7153792272,f0be02e5-fab0-4fd2-b47e-1a2510bdfc4d
28,E06000030,Swindon,418551,186564,-1.73367,51.57763,230095366.774536,99585.2365086424,df4741e3-daee-4c75-a879-4ec1c8153bba
29,E06000031,Peterborough,517372,300777,-0.26874,52.59214,343411018.445892,111012.926892642,418bee7e-952e-4f57-b786-3e492a7970df
30,E06000032,Luton,508606,222559,-0.42319,51.89102,43358521.6528168,34269.1108387269,40816bff-6bc7-454c-929a-76d10cefde5c
31,E06000033,Southend-on-Sea,587777,186837,0.706923,51.54917,41659118.1339035,52097.3004700292,35475aba-1a9c-4632-95e7-7be560f43967
32,E06000034,Thurrock,562123,181590,0.334861,51.50998,163771446.22757,108975.685114724,b1b5b346-682b-4304-9121-319162e50c7d
33,E06000035,Medway,578207,175198,0.563174,51.44772,193601640.085548,224171.818202794,dcbe23cf-6f47-48e5-9a7f-e8acf54d23da
34,E06000036,Bracknell Forest,488169,168792,-0.73363,51.4113,109331471.491066,61821.5668798361,4ec6bb06-73fa-4cd8-80da-26b3073d3b3f
35,E06000037,West Berkshire,450575,172095,-1.27364,51.44559,704183053.720428,163453.14150886,7b845276-d211-44f5-87dc-f4612578fbe0
36,E06000038,Reading,470226,173154,-0.99071,51.45302,40388028.5876541,38611.74495094,e9a749ab-7c26-42da-ac3f-7a1003a14a6a
37,E06000039,Slough,498920,179246,-0.57617,51.5035,32539894.0128708,43311.2351829939,7a647042-cc1f-4000-aed8-0b9f824e8a82
38,E06000040,Windsor and Maidenhead,492079,176541,-0.67541,51.48034,198418685.229248,113807.367929943,1dda92cb-8ed7-4597-8ab8-3d221969332b
39,E06000041,Wokingham,476624,169902,-0.89935,51.42296,178965898.592941,85665.7427798067,405a87e7-9662-4872-b5d9-a9f8deddb30a
40,E06000042,Milton Keynes,486408,242308,-0.7407,52.07241,308649515.308464,100925.182581913,97509eab-2564-4381-be36-960afac47beb
41,E06000043,Brighton and Hove,530279,106850,-0.15079,50.8465,82867621.6457443,57875.4219672504,c2d0de07-a6ce-45ca-936e-e376dd6a66dc
42,E06000044,Portsmouth,465619,101352,-1.07006,50.808,40378095.7629471,63434.0681222259,e24c5f8e-3ca8-4973-8771-510829bd8a3b
43,E06000045,Southampton,442303,113700,-1.39952,50.9212,49856098.0585861,59310.4549957166,a1f6a54c-c1bc-47a4-a780-8031029e4894
44,E06000046,Isle of Wight,447183,85949,-1.33366,50.67129,379682941.939995,188675.498285174,11463889-2674-4993-ae06-ea7e5726eca8
45,E06000047,County Durham,410381,532242,-1.8405,54.68513,2231461504.75334,308940.641224249,8025fcdd-b7db-4425-95dc-469becd052d2
46,E06000049,Cheshire East,380510,363462,-2.29299,53.16793,1166353349.39165,289441.33903252,a01a40b9-6ce7-4950-923a-883bb2597e3f
47,E06000050,Cheshire West and Chester,353097,363145,-2.70298,53.16336,919945930.773163,321561.826706672,b6cf2ef9-dcd5-4200-a692-6e01782e9b01
48,E06000051,Shropshire,350227,302960,-2.73667,52.62212,3197325510.82957,559525.75524485,4cf05787-3e16-466a-8371-6a49ab8d9e49
49,E06000052,Cornwall,212497,64493,-4.64254,50.45022,3548696687.19295,1117403.48785667,03194673-0e49-4cad-a440-f8292afc55ae
50,E06000053,Isles of Scilly,91327,11447,-6.30217,49.92332,16345243.7711001,103164.223509347,8325cf10-bbec-426a-a0d1-ee619d59e210
51,E06000054,Wiltshire,405209,158863,-1.92661,51.32883,3255355270.4429,394541.750900338,def4bf2c-3147-4c19-bacb-e94639c6df8d
52,E06000055,Bedford,505721,256463,-0.45463,52.19628,476377895.580849,129915.909031491,e4713462-22c4-464c-a57c-e5e1710963be
53,E06000056,Central Bedfordshire,504615,234492,-0.47754,51.99903,715570444.171295,229128.579978751,d86ab726-fd92-4f48-9c6a-ef83154c182e
54,E06000057,Northumberland,395322,600700,-2.07523,55.30038,5032389399.18385,585339.484928119,54bba6f3-55ea-48d2-8c90-e3ce124da8ea
55,E06000058,"Bournemouth, Christchurch and Poole",410815,94066,-1.84807,50.74609,162072696.185944,155611.01018997,15ac45a0-7e2a-4202-b7a0-bd12b67d4232
56,E06000059,Dorset,370871,99796,-2.41467,50.79697,2491000403.87733,554753.057240822,9467d597-6836-4f12-8484-d51d5954cbc2
57,E06000060,Buckinghamshire,482506,208561,-0.80569,51.76966,1564992710.90308,354508.665184286,a348b6c3-7d10-438f-a975-23eb3bdd16e8
58,E06000061,North Northamptonshire,493590,281718,-0.62504,52.42546,986593230.265564,205114.074619481,9fedaaae-774b-4893-8a8c-991601280bad
59,E06000062,West Northamptonshire,467187,263879,-1.01682,52.26898,1380426803.83151,254310.575525028,438ae807-e5f2-4e1d-bdcc-2e4080bbd22b
60,E07000008,Cambridge,545420,257901,0.126436,52.20017,40710543.5061035,36901.199995128,6442858f-8178-4e4c-aee7-9d805d7f321c
61,E07000009,East Cambridgeshire,555576,275765,0.283149,52.35788,651262151.136108,231678.248276357,e8646922-762c-4bae-a84e-683029395751
62,E07000010,Fenland,536361,294959,0.009016,52.53544,546490910.672073,192506.026461437,5ed307ee-dd06-44ed-a1d3-5dc4cf5d8e6d
63,E07000011,Huntingdonshire,521008,274269,-0.2247,52.35315,912559594.656433,220589.15803671,2dd915d6-2f70-4c14-8798-dba202ccaf14
64,E07000012,South Cambridgeshire,543295,247586,0.091017,52.10805,901688987.633781,254533.667150108,790b5d45-944d-4e62-901a-fb35e9d38488
65,E07000026,Allerdale,317520,532997,-3.2809,54.68524,1258217661.82236,315543.680091741,d164b45a-8994-43e7-a1d9-d53075290ff4
66,E07000027,Barrow-in-Furness,321741,474165,-3.1999,54.15731,77827098.9800415,133647.368512394,71fab592-2b55-43cb-80bb-16fafe91b468
67,E07000028,Carlisle,348576,565154,-2.80498,54.97833,1038254755.37099,271002.411236904,c307b3dd-b26e-466b-9d11-2df7563855cc
68,E07000029,Copeland,310871,508739,-3.37664,54.46617,737541667.725525,240553.44026407,e75e7dfa-2e17-426d-a594-972e82eb8003
69,E07000030,Eden,359636,526396,-2.62678,54.63107,2156525219.46422,264056.773800314,e16a63f4-7a5d-4502-a465-9bf75f2d892e
70,E07000031,South Lakeland,349265,489555,-2.78108,54.29908,1554791456.5014,370124.186159526,295587f4-cdc9-463c-a685-0284faa85d33
71,E07000032,Amber Valley,436166,348084,-1.46219,53.02884,265411844.352341,103839.020704471,157f6817-ccb2-4e9a-af7a-8e923f2a8fae
72,E07000033,Bolsover,448666,371548,-1.27228,53.23875,160346180.319595,93033.5247369451,b2fdbe4a-deb6-4fc1-9b31-2506de92d6ad
73,E07000034,Chesterfield,440049,373359,-1.40115,53.25575,66025481.6648407,51101.3222736924,7e80c5e1-f4d9-45eb-9b86-1538689bb7e1
74,E07000035,Derbyshire Dales,419697,358493,-1.70711,53.12326,795430656.078217,237515.743541366,9ef6b7cf-3c3e-4f60-8cee-eaa6c2b863d2
75,E07000036,Erewash,443721,338063,-1.3509,52.9382,109631114.884354,71568.7921763614,52c65467-84ff-4854-b08c-90ae78138b1d
76,E07000037,High Peak,410474,387660,-1.84398,53.38569,540226445.886032,156419.136366732,22b1ccc8-41aa-47d8-8ad0-feb494c9e465
77,E07000038,North East Derbyshire,437369,362955,-1.44253,53.16243,275668261.443375,154904.093785271,ca6bc747-5e3a-47ae-956d-37cf785f82ea
78,E07000039,South Derbyshire,431443,325363,-1.5348,52.8249,338091560.083778,162370.778217718,2bb60476-06c8-4d3a-9cb1-224169adeb31
79,E07000040,East Devon,313787,96051,-3.22364,50.75761,814336209.21574,212425.483491844,4adae678-9a5d-406b-9956-15a7dfb16bfd
80,E07000041,Exeter,293239,92005,-3.51368,50.71782,47049404.9748516,48620.5624806626,d2641fac-ff77-4425-8650-01b1d1ed0e1e
81,E07000042,Mid Devon,288064,108911,-3.59212,50.86882,912819419.145216,238184.177828461,467d4b0d-58fc-49d3-8e6c-3bdcfbee9331
82,E07000043,North Devon,265110,132532,-3.92691,51.07621,1085812490.12915,297861.97732645,c6db7ac4-88db-4d6f-9c44-b91a03fda72d
83,E07000044,South Hams,270676,54036,-3.81996,50.37195,886621264.898178,439377.730281455,e93863d4-5e9d-4f97-a0de-94fec6593a74
84,E07000045,Teignbridge,283144,80205,-3.65289,50.60981,673739471.207144,184467.60765603,b7c59f17-cecb-43d7-8bce-2bfa24a43fb3
85,E07000046,Torridge,244206,114334,-4.21728,50.90739,985286990.274658,296865.070672265,27cf45c5-b26e-4dbe-b3fd-eb9b1cbeba85
86,E07000047,West Devon,256376,86990,-4.03361,50.66481,1161056117.46968,243916.797610585,af704634-7e93-4653-be84-af773a6338e3
87,E07000061,Eastbourne,559339,99575,0.258516,50.77387,44184002.7286072,36440.1398553411,1638be6c-85f1-4dee-851d-6213cdab1a91
88,E07000062,Hastings,581528,110694,0.578395,50.86724,29805556.6948357,33200.2594736909,efdfd03f-38fe-422d-810e-90eab5cd26d9
89,E07000063,Lewes,541474,105686,0.007671,50.83341,292136249.161869,163700.93203638,5df5be8b-cd7c-429e-9ddd-62a3148a5f53
90,E07000064,Rother,578721,119666,0.542937,50.94871,511803722.23278,174552.001951537,ec08b247-f1e6-41b1-a08e-25dbba79cc6f
91,E07000065,Wealden,555048,117180,0.205156,50.93322,834923710.294548,216703.727595629,d862047e-1dc4-4058-9a24-bc0e003ac331
92,E07000066,Basildon,571548,190848,0.475055,51.59036,109963879.240204,77899.7541447758,a55b953a-e94e-4546-b40d-4a4f7b025d44
93,E07000067,Braintree,577253,227335,0.575911,51.91634,611702678.606346,164156.133007087,1496e236-5399-403b-ba1d-ff0b39f32e96
94,E07000068,Brentwood,558560,196070,0.290091,51.64108,153140645.013916,70306.8194995877,52caa30e-9ec9-47a5-a9c5-0fab3332d695
95,E07000069,Castle Point,579490,187920,0.588084,51.56159,44521863.1291351,136710.604068077,887c022f-c565-4067-9ef2-7f86457d72b8
96,E07000070,Chelmsford,572116,206972,0.491177,51.73503,342222625.885994,122820.173782877,751538f2-3e62-4726-88b7-057300fa083b
97,E07000071,Colchester,596944,223693,0.859777,51.87702,332121236.319839,286803.772889228,be4cec30-bcbd-4935-a15c-757d0d26436a
98,E07000072,Epping Forest,548919,203759,0.154147,51.7128,338974128.960785,120747.592528764,e9429b09-f18e-469f-82d2-089f54a8b9b4
99,E07000073,Harlow,545276,209589,0.103888,51.76614,30530243.6604156,27879.1360531039,8c4895bb-fcbc-49d4-b73c-a78e649b1fa3
100,E07000074,Maldon,591413,212072,0.773106,51.77458,357497604.103287,416106.490213022,c423ea7f-5f72-4f98-bc3c-141b7a25aaa3
101,E07000075,Rochford,585979,191417,0.683442,51.5909,166904475.278046,219974.349339812,c860c7e8-a843-4e2c-9417-8dcf38045274
102,E07000076,Tendring,614190,222141,1.108981,51.85674,336195605.901009,381013.707278418,c696df8e-ce6e-4d11-9fcc-67545ecc98e0
103,E07000077,Uttlesford,557832,228865,0.294485,51.93592,641116896.724472,163609.526851868,e7adcd0a-717a-4300-8f99-694e627d0564
104,E07000078,Cheltenham,394925,222232,-2.07515,51.89861,46565749.7008591,36707.4632486181,4fc3097b-b209-4f7a-a8c7-8527cd91c5b4
105,E07000079,Cotswold,402125,208209,-1.97059,51.77255,1164540084.98557,324303.91257772,5d33e557-41f2-421f-8512-2aa2f3e741fb
106,E07000080,Forest of Dean,367175,212759,-2.47755,51.81249,525933859.151417,185361.823885522,3ae26369-3d97-41d1-a3ca-91eb806af9aa
107,E07000081,Gloucester,384071,216449,-2.23263,51.84641,40544845.3137436,32905.6425507889,c9736c44-ebf1-45ff-942b-03fc1c575a4c
108,E07000082,Stroud,378807,202410,-2.30818,51.72001,460618210.840843,167763.605898067,7e1f050b-3194-40cf-af66-816dfc9a4bb2
109,E07000083,Tewkesbury,386347,226279,-2.19998,51.93485,414408240.444214,200124.955914665,ef1710b7-5af6-4b00-bcf4-c059a4a7cd8d
110,E07000084,Basingstoke and Deane,454508,151423,-1.22021,51.25937,633773434.100063,140490.093000905,84c743b7-5bc7-48a4-a5db-cf52ff9ad9c3
111,E07000085,East Hampshire,474405,129237,-0.9397,51.05765,514417050.711979,141878.955532337,320bb199-6088-405e-9d57-9c26779732cb
112,E07000086,Eastleigh,447199,116807,-1.32947,50.94876,79692605.2313118,71510.5884593118,33f3e03c-644e-493e-8007-b8df1eb1b568
113,E07000087,Fareham,453774,106319,-1.23742,50.85388,74283681.8329086,62916.3154420382,e8e3635b-5f84-478e-bfcf-e41413c3e623
114,E07000088,Gosport,458769,101088,-1.16731,50.80636,25367354.3257141,37352.4639563373,b582fb76-db9e-4eed-be79-cd3a2cce2357
115,E07000089,Hart,477985,154240,-0.88321,51.28197,215260488.027184,76239.4705287546,921339c8-e9b7-491a-a987-a653b9901b29
116,E07000090,Havant,470178,108564,-1.00398,50.87231,55732249.118824,104099.682938498,405d6d9d-b8da-4007-8420-85744eda3059
117,E07000091,New Forest,428748,106521,-1.59293,50.85748,752036125.959888,294946.40804568,179a6e4c-a470-420e-8073-4036da7b8d60
118,E07000092,Rushmoor,486022,153944,-0.76807,51.27815,39051009.6715622,30724.6294085997,467ba266-204e-40f9-bedb-c02e3582e13e
119,E07000093,Test Valley,434930,137329,-1.50214,51.13417,627624993.279453,187162.192252339,cfae1a0e-9dd0-4291-a031-2f23b289be79
120,E07000094,Winchester,453115,125901,-1.24393,51.03002,660978546.343895,168858.279702047,55b78e72-3511-4a19-8aa7-28f739d5ba95
121,E07000095,Broxbourne,534742,204251,-0.05073,51.7208,51459567.0400314,38507.9227270143,d5daed4a-bfda-4b6d-ad0c-9ab8dbd8337f
122,E07000096,Dacorum,500084,208745,-0.55098,51.76845,212438326.960663,108871.794192816,895fc997-12b7-4d3b-87e0-93accc3d7a81
123,E07000098,Hertsmere,519774,199352,-0.26899,51.68017,101116893.00325,60229.5338840475,f75940c6-2876-4ec3-ac38-d579d45ff09f
124,E07000099,North Hertfordshire,522191,230255,-0.22315,51.95737,375373551.52597,165904.129523627,b0b5146a-03ab-479c-977b-bdf72eb7acdb
125,E07000102,Three Rivers,507313,196418,-0.45005,51.65632,88805276.0972519,73211.2027018428,92b65960-185f-4bbb-a9b6-330662da530a
126,E07000103,Watford,510441,198197,-0.40429,51.6717,21403764.7672272,25970.2569998254,e5c58013-b42b-44b0-a429-1bc71f3b3abe
127,E07000105,Ashford,597640,140644,0.823374,51.13096,580584618.411591,146594.863981167,b285271f-db2e-4f1f-aa12-465e62d2859d
128,E07000106,Canterbury,616032,158096,1.096342,51.28102,308775735.904282,131685.628848192,85dd5a67-7a76-47f3-81b8-4ca1e71cd8e8
129,E07000107,Dartford,556167,172917,0.245276,51.43373,72712523.3279572,55347.6936508509,80355b27-356b-40fe-b08b-d05a7b1222cc
130,E07000108,Dover,628964,150942,1.276887,51.21176,315309989.716904,144212.161096426,d980324a-0673-4d07-ac64-4ac277840a98
131,E07000109,Gravesham,566969,169114,0.398744,51.39649,99016412.0995331,58908.9960676753,5856149a-3194-4c68-adac-01caf067f2db
132,E07000110,Maidstone,580489,151670,0.584061,51.23566,393321668.578484,120150.409775705,eb0c9621-98b0-4af9-a39f-7156ce872484
133,E07000111,Sevenoaks,552776,155218,0.188936,51.27563,370335262.976006,130894.225448797,ebd97ae4-8935-4139-affe-45e071c72a64
134,E07000112,Folkestone and Hythe,610318,134595,1.000795,51.07213,356983168.511963,146277.196446118,0d41d9af-3f8b-4415-85cb-e7df2cd801d6
135,E07000113,Swale,593583,161818,0.776893,51.32251,373236372.082474,309069.482569421,550c1677-1aa6-4989-af17-260dd7c4d8ef
136,E07000114,Thanet,631839,166752,1.328226,51.35252,103597907.776382,61724.9857983483,5a432f6c-d454-4550-87ad-35af92783c57
137,E07000115,Tonbridge and Malling,564014,153898,0.349306,51.26064,240108095.045143,129788.787184788,0c74340c-7bc5-44cf-a9b5-f61c39fef6f9
138,E07000116,Tunbridge Wells,573139,136599,0.471632,51.10254,331301525.162498,145079.280695073,fb35826f-fd80-456b-8891-14840d5e092b
139,E07000117,Burnley,384886,430882,-2.2308,53.77406,110690603.221619,56262.6762274953,a5a9aa5e-da48-4443-93d9-b7334e7ccb23
140,E07000118,Chorley,359189,419724,-2.61921,53.6724,202676580.334213,111139.768254634,2b99339c-6588-4ee2-a4f1-8240d58a6c10
141,E07000119,Fylde,339554,433811,-2.91914,53.79709,165566525.430527,129564.323332754,8d5217a4-bd33-4962-ad07-98a58adb0a4e
142,E07000120,Hyndburn,374407,428971,-2.38964,53.75648,73012581.7405243,41863.5386079871,4fe5aced-6376-4659-a1a5-7695ae6caea6
143,E07000121,Lancaster,356896,464988,-2.6603,54.07901,566753970.242645,324017.10513165,6d6ac025-99a9-4894-8c31-aa5534488982
144,E07000122,Pendle,387637,443368,-2.18957,53.88636,169376711.823975,77788.8141278013,8c517e78-16d9-45b4-adbc-22ab6f8809ac
145,E07000123,Preston,352825,436432,-2.71809,53.82202,142288128.878311,80757.3380638789,393bca51-a6cd-40ae-b26c-2a8c19b778fd
146,E07000124,Ribble Valley,372687,447676,-2.4174,53.9245,584442953.326187,147576.209711926,fee64399-dbcf-4823-9081-916e5d7f233f
147,E07000125,Rossendale,382827,420955,-2.26149,53.68478,138023931.175842,70164.0709315087,8c7e7614-1698-44da-923c-e741daf67b14
148,E07000126,South Ribble,352017,425840,-2.72871,53.72675,113088686.853424,99529.0915913503,2c29af64-6049-4e9c-8d41-6ddcc42518c7
149,E07000127,West Lancashire,342611,413270,-2.86893,53.61283,346502793.217102,216263.699466006,c0402af1-7ec0-45d7-86b1-7d59c70c1f55
150,E07000128,Wyre,347295,445159,-2.80359,53.89991,282048743.301437,202405.645760122,0f6e5cc6-fabd-4ca3-afef-10bed56ff1d3
151,E07000129,Blaby,454385,297994,-1.19887,52.57706,130476249.318611,97753.8513485933,565fa5c8-5e8d-4a18-ba50-5062ca39c5d9
152,E07000130,Charnwood,458365,316155,-1.13694,52.7399,279024993.266434,112562.119367372,c712b442-ba7d-45a8-8265-43784af183c3
153,E07000131,Harborough,474549,293875,-0.90229,52.53766,592728231.301277,178102.840345757,52dee647-8620-4a92-94bb-16573a08e00e
154,E07000132,Hinckley and Bosworth,439538,301379,-1.41755,52.60877,297355137.086845,108963.554385255,ae8a6c44-db4a-4d04-bf20-e741af1c4606
155,E07000133,Melton,477328,323472,-0.8544,52.80329,481365589.935608,136341.397714146,3e8154d8-10e5-4140-88c3-ba720d629787
156,E07000134,North West Leicestershire,439111,316252,-1.42209,52.7425,279328119.094955,113610.467301797,1462f420-bfa1-4428-af12-0e136cb9cfc0
157,E07000135,Oadby and Wigston,461543,299379,-1.093,52.58875,23512250.1783829,30024.5924745458,ba732901-a6b8-44a9-b801-2a71b092e3d2
158,E07000136,Boston,526851,343953,-0.11218,52.97794,363498559.95752,399921.251801127,c35ffd16-66c8-4c1a-8908-90ca584120ed
159,E07000137,East Lindsey,534861,376064,0.020516,53.26446,1766580492.43335,355052.320497421,755c2c2a-c362-4e98-8615-a4cdc3fdb888
160,E07000138,Lincoln,496347,370096,-0.55848,53.21921,35650904.2438202,32707.0945123984,2bc3d1b6-5a2a-456b-98f3-32e0634e9366
161,E07000139,North Kesteven,502135,354788,-0.4767,53.08058,922437912.901764,180159.56101135,cda6933d-a679-4112-b7d9-3d1e028fa150
162,E07000140,South Holland,532910,322928,-0.03057,52.78758,749574664.507614,413151.392241158,1e134a55-a86a-4448-ac79-825a060de265
163,E07000141,South Kesteven,501406,328986,-0.49565,52.84885,942601820.620468,206852.380154702,884d2428-8cf0-4c94-9e94-720138a2433e
164,E07000142,West Lindsey,499314,390326,-0.50774,53.40044,1155679288.47545,246982.716154491,3d599233-6037-4880-9d8f-4e5fa45fe8e1
165,E07000143,Breckland,591015,303330,0.818716,52.59421,1305121502.34204,236074.43823951,cec12255-54e3-4f65-a3ec-23355100e187
166,E07000144,Broadland,619864,315909,1.252317,52.69622,551988642.052017,211892.449811503,971401e8-92d4-4240-b41e-044a8f2c38ea
167,E07000145,Great Yarmouth,646761,315881,1.64951,52.68439,174236614.229172,140336.756883473,b38215fd-6b34-43b8-a6ab-9d215c81b605
168,E07000146,King's Lynn and West Norfolk,571219,315805,0.533243,52.71283,1439032117.36838,634270.348614796,74aaa811-b8c0-4ce9-b17c-d1136aed2f9b
169,E07000147,North Norfolk,611076,330857,1.132099,52.83389,967130727.219223,540125.364452715,9843586b-b3c8-49d6-93a8-ad9e56ec48ea
170,E07000148,Norwich,622355,309773,1.284979,52.64013,39083197.7337799,75812.0563558268,23481664-b988-46ee-a839-2178c164b37c
171,E07000149,South Norfolk,628990,295823,1.373233,52.51218,907496223.013107,260290.359744819,6b5983c2-25d9-411a-a200-5a996bb73e22
172,E07000163,Craven,389513,461989,-2.16168,54.05376,1178923730.84531,197112.775388381,aaf8dd39-d84e-4d90-bcb2-da37a45df9a4
173,E07000164,Hambleton,443009,490546,-1.34049,54.30872,1311276526.95126,293327.908813862,d816454b-ec3f-4c96-9f9a-1970a560461a
174,E07000165,Harrogate,427473,464652,-1.58161,54.07708,1309028760.10654,243810.932564138,6f8e790f-a0b0-4b96-8bcd-2caf2ea0c386
175,E07000166,Richmondshire,401039,495786,-1.98552,54.35761,1318702629.6881,219137.00374056,c41267a1-e230-48e1-9625-330fb826e23a
176,E07000167,Ryedale,475590,478884,-0.84278,54.20016,1506586632.35048,245056.651356144,8ecee3de-2d20-45b5-acb1-5399f3dfe326
177,E07000168,Scarborough,495798,495548,-0.52778,54.3465,816325618.403152,234662.727533387,316f21c5-ba99-4ad7-b288-f72e0d917c22
178,E07000169,Selby,457551,426670,-1.12908,53.73327,599305167.810852,262252.21177767,2f28282a-bafa-4685-9c6a-149813044c87
179,E07000170,Ashfield,450035,355843,-1.25422,53.09747,109561778.239243,66998.1835239429,507de492-979f-4bf4-a673-3b152272ec3a
180,E07000171,Bassetlaw,468073,384835,-0.9787,53.35604,637844237.377182,156951.728518031,f33e99db-8add-48f8-a74f-0cc50ca99027
181,E07000172,Broxtowe,449829,341893,-1.25944,52.9721,80142028.2879028,64009.1001314427,1a25358b-3922-4f37-8d9e-4509f548cf22
182,E07000173,Gedling,459184,347811,-1.11907,53.02434,119962249.529587,68699.8242721758,27abb141-f12c-4bfa-a256-da2f65fd5ede
183,E07000174,Mansfield,455047,363637,-1.17804,53.16703,76667527.240921,50238.6158606753,7327ba6d-9907-4f74-842b-d0afdfd57ed7
184,E07000175,Newark and Sherwood,470624,357451,-0.94643,53.1096,651370559.463806,184334.265370547,bfa6ef80-7829-427f-afe7-5a3f2c70625c
185,E07000176,Rushcliffe,466606,335453,-1.01097,52.9124,409236191.251862,120709.77027801,a647d234-f6d2-46cf-a6b9-e58e272797d7
186,E07000177,Cherwell,449301,221201,-1.28506,51.8872,588710667.383644,218996.303271983,4edd8429-fd5a-4ddc-8915-8d127a74cc1d
187,E07000178,Oxford,452277,206368,-1.24405,51.75357,45627323.2372055,34302.877991378,46a6ed03-3592-4d72-9bec-11a84a104d1b
188,E07000179,South Oxfordshire,463890,191964,-1.07847,51.62288,678380199.473663,201413.111933146,43258f14-9d49-4f79-8194-351a5edae20f
189,E07000180,Vale of White Horse,435693,195197,-1.48543,51.65443,578733529.260193,171047.262002848,3c682435-a777-4477-a772-883dde6cb72f
190,E07000181,West Oxfordshire,434343,215816,-1.50292,51.8399,714422028.748497,155618.711230722,e74b7cdd-387c-48ac-9ac6-f54794ff4a0f
191,E07000187,Mendip,362238,144090,-2.54178,51.19476,739389543.011486,194716.491755632,6fb0145f-a560-46f1-8961-c8dea18b2d9a
192,E07000188,Sedgemoor,338429,143998,-2.88246,51.19186,564224000.722946,252995.247864499,f1b58c14-3a50-475e-8c7f-60487f830680
193,E07000189,South Somerset,345633,120798,-2.77588,50.98399,959009747.134258,234199.366680178,ec0fd887-fe0d-4cb4-945c-9dcf98a267cf
194,E07000192,Cannock Chase,401261,311553,-1.98277,52.70166,78892540.9529266,49320.6922180765,80433169-53ab-45c9-a8dc-8a26e431743d
195,E07000193,East Staffordshire,412601,326569,-1.81438,52.83651,389992710.316902,178723.571594417,c0f6e183-f853-4ab0-860c-c70f0f36e12d
196,E07000194,Lichfield,416283,310967,-1.76049,52.69615,331249623.284401,124711.522997167,b3c31fc3-1a08-405d-83b8-1565bcca3613
197,E07000195,Newcastle-under-Lyme,378199,345174,-2.32631,53.00345,210967061.318733,103801.926065606,5375fc04-6382-4908-b6d3-2d8d0399df2b
198,E07000196,South Staffordshire,389625,311037,-2.15495,52.69692,407323359.533539,181227.267454496,33a7babc-490d-4381-87f5-e756e0005e13
199,E07000197,Stafford,389001,327836,-2.16475,52.84792,598191034.362236,154167.579102519,aade1e6e-9656-4102-bc54-df51c5b03639
200,E07000198,Staffordshire Moorlands,400543,352443,-1.99334,53.06924,575824819.935112,146939.067203379,2150e52f-ab13-4f49-a91a-990ed5ea98b7
201,E07000199,Tamworth,421455,302550,-1.68451,52.62031,30861262.2957535,30137.1179015718,95cfcd28-a74f-4139-826a-0695eb77f274
202,E07000200,Babergh,599987,244692,0.916149,52.0645,595120605.053604,198595.294104327,7caf0003-6a69-48bc-a7d8-68c1ec5fddb1
203,E07000202,Ipswich,617161,244456,1.166145,52.05592,39514140.704834,44244.7861515317,2564530e-3d6d-4c6a-9221-84f4a16a2cd8
204,E07000203,Mid Suffolk,611646,262338,1.096953,52.21859,871027675.414658,188021.864593914,32166186-3695-4478-925e-24119e18545d
205,E07000207,Elmbridge,511882,163658,-0.39441,51.36098,96304086.0985031,51313.7615250382,3871968d-32af-4077-bbfe-0e43e1cb49ea
206,E07000208,Epsom and Ewell,521176,161475,-0.26172,51.33945,34109544.8409195,28202.0570677121,3784ddf2-7419-4428-9084-9a1839a9bcc6
207,E07000209,Guildford,500408,151481,-0.56257,51.25366,270993264.341881,125213.374046961,a42ec844-1901-4ccd-8c7b-87a75f7aaab7
208,E07000210,Mole Valley,518377,148953,-0.30603,51.22749,258300094.890556,102795.418160193,f50d4e59-47dd-45e0-8721-04712ff22508
209,E07000211,Reigate and Banstead,525786,152574,-0.19871,51.25846,129129643.497719,77984.0728057246,ed206e70-13f3-4cc6-8ff0-8491aaa45885
210,E07000212,Runnymede,501777,166979,-0.53855,51.39273,78051759.7679138,44988.5709278972,ca1c3f37-bc79-4df0-a4ee-7212a9f52574
211,E07000213,Spelthorne,507012,169622,-0.46254,51.41552,51166931.8628616,43535.9504622273,541d5dfe-6c19-4508-bb25-a94c1ba7e514
212,E07000214,Surrey Heath,491362,160483,-0.68986,51.3361,95104295.661911,52368.2819513569,52329abf-019e-44b5-a66c-225d7adc52c5
213,E07000215,Tandridge,536365,150325,-0.04805,51.23581,248194720.325027,80758.5147377361,f635f8a4-36f1-4024-9015-1ea09a6fa016
214,E07000216,Waverley,496363,140635,-0.62343,51.15686,345198424.943336,122711.657327894,fac93e99-474a-4f86-8981-431f06461ec5
215,E07000217,Woking,499087,157542,-0.57982,51.30837,63555291.8217545,52818.7839243194,2627c4a5-c587-44e9-923e-7f87a290ad7d
216,E07000218,North Warwickshire,425570,296399,-1.6242,52.56484,284262680.396156,110997.208452146,8af8dd2d-e9bc-4022-94db-b16404b78868
217,E07000219,Nuneaton and Bedworth,435419,289352,-1.47965,52.50094,78975395.797554,46977.4447533057,08b661fe-fc62-4f78-b7ee-3bb1657b2060
218,E07000220,Rugby,446498,276244,-1.31828,52.38228,353524978.641258,111663.581571414,fd36b60f-cb8e-4b3b-b6aa-e0e89e3ef73b
219,E07000221,Stratford-on-Avon,425019,251536,-1.63565,52.16154,977881228.704346,253359.132424191,9f73822d-a8b7-42af-933b-a1c54171aca4
220,E07000222,Warwick,428484,267113,-1.58369,52.30142,282877405.289085,113378.557054321,a78aa6c5-f26b-45ce-9414-8cd35069a0a6
221,E07000223,Adur,518076,106472,-0.32417,50.84572,42103375.3618164,56996.6184682826,e6d8c4eb-b138-4405-a083-3fb328f4ddf0
222,E07000224,Arun,495144,105723,-0.64999,50.84321,220960226.358028,150482.840445243,4384cc82-4bbc-43c0-ac18-9b27d1e964fd
223,E07000225,Chichester,490285,116600,-0.7163,50.94177,786211975.232868,272311.719165615,60affffa-8e7a-48f1-8db2-1e723e7b539b
224,E07000226,Crawley,526390,137581,-0.19533,51.12357,44968269.5452118,38066.838391061,25b1165b-a29e-4a1f-81b1-4046ad1cf3b4
225,E07000227,Horsham,513674,123840,-0.38126,51.00272,530238857.422932,211641.630270257,c16f0000-1bc6-4263-986d-4a7fcac95af7
226,E07000228,Mid Sussex,533054,130623,-0.10272,51.05953,333998470.141666,129528.546868131,1c2f614f-a781-4ceb-86b6-83fa188c3079
227,E07000229,Worthing,512679,104948,-0.40127,50.8331,32515899.4759331,28085.3583831717,352bf89f-8ce0-43ae-a390-e52358f24faf
228,E07000234,Bromsgrove,399840,273736,-2.00376,52.36169,217024270.478745,110388.441676436,15bd8f7c-b858-4fa1-a0be-04e16f075f5f
229,E07000235,Malvern Hills,377465,252197,-2.33089,52.16758,577087348.746117,223489.481913113,bd62f9db-6e34-4258-aa63-8e608aff0942
230,E07000236,Redditch,403705,265253,-1.9471,52.28541,54264849.900528,40297.8703921333,1413bd18-d600-4ace-97a4-d84e2a1a36b4
231,E07000237,Worcester,385725,255196,-2.21025,52.19482,33295648.34478,30432.422599633,5061d8b3-8f67-48f1-8ac9-7f1f6a2e9da6
232,E07000238,Wychavon,398991,247839,-2.01614,52.12886,663450903.708786,214632.507568458,79a5e6e2-b8f6-4719-bbf4-a0b3a2f63d24
233,E07000239,Wyre Forest,384106,276388,-2.23494,52.3853,195422054.81517,97451.2117662922,f9027a4e-12ed-4bb9-affd-8c623417709f
234,E07000240,St Albans,514580,209623,-0.3407,51.77356,161259073.476974,71889.6445631062,bdff77c1-1336-4ef9-9178-5ace32d137e8
235,E07000241,Welwyn Hatfield,525345,208467,-0.18518,51.76087,129485124.533684,81109.1701869987,3eb03562-0c08-408c-b4a6-4095d9cd4d81
236,E07000242,East Hertfordshire,537995,220370,0.002739,51.86485,475708898.652733,132748.882799062,f8397918-4513-40cd-9f74-24b15a0d1d5a
237,E07000243,Stevenage,524622,224531,-0.18987,51.90539,25941880.7845688,28107.9325135229,8578696b-8ff8-4f64-9816-71f8ccc2fdf5
238,E07000244,East Suffolk,636043,266272,1.456186,52.24399,1260803655.89413,543590.007785869,9582656f-1305-4f2c-85d1-c5ebe13da823
239,E07000245,West Suffolk,580944,271124,0.652769,52.30842,1034726564.81891,269073.946539941,8f913fac-1459-40ae-b0d3-c103ca9d0370
240,E07000246,Somerset West and Taunton,304961,130227,-3.35764,51.06348,1189157720.88257,282902.112017419,3f1ac43e-72e6-4659-8ded-6795639b90dc
241,E08000001,Bolton,368352,409873,-2.47952,53.58449,139798080.13298,78824.6767362557,69cd22fe-2679-4858-931a-58dfaf6bebb3
242,E08000002,Bury,379658,410768,-2.3088,53.5931,99464932.5398407,66873.2138373439,587621e4-e1f4-418d-9ddf-92e9254fa875
243,E08000003,Manchester,384591,397063,-2.23359,53.47009,115612288.23822,83817.4650063309,b460cc45-66c2-490e-aeba-dbd509e723cf
244,E08000004,Oldham,396603,406784,-2.05274,53.55768,142345446.496582,69703.1890676364,e9108961-f5f0-4d7d-ad6c-364ea0313a21
245,E08000005,Rochdale,390315,412326,-2.14784,53.60741,158161335.379822,81275.790230218,28b37efa-be3a-43fd-8ec3-9413533aedd2
246,E08000006,Salford,374556,398128,-2.38485,53.47927,97149061.8547668,62391.7523316561,d7c1b39a-cca6-41c4-8b48-004279b845ca
247,E08000007,Stockport,391806,388264,-2.12467,53.39116,126047342.048981,71154.5540795024,aa78794a-b62f-4de8-9604-09bd2e410074
248,E08000008,Tameside,394987,397995,-2.077,53.47867,103161880.65358,54107.8530340732,1ea8ab6a-1eda-4429-9302-b10295cc4c3b
249,E08000009,Trafford,375790,391162,-2.36572,53.41671,106016489.635162,59146.408983267,6eba5d45-fc55-406e-9fda-8db3fdd8c025
250,E08000010,Wigan,362136,402125,-2.57247,53.51444,188165213.803802,84932.4060879702,a889197b-5d3a-4170-8d0d-8617aecd8ba5
251,E08000011,Knowsley,344762,393778,-2.83297,53.43788,86532486.7570114,66882.6185965815,acd59f96-33cb-4c3c-8ad4-4a676c0e681d
252,E08000012,Liverpool,339361,390553,-2.91364,53.4083,111822060.331078,61271.1214976288,83b51342-339b-4da1-a25d-f60db25639cb
253,E08000013,St. Helens,353412,395992,-2.7031,53.45862,136410228.243866,75005.8972990174,531ae877-d458-4df4-843b-f3a0d1192a7d
254,E08000014,Sefton,334282,398832,-2.99177,53.4821,156550521.898682,125750.168899262,b5eba363-070d-40e5-a36b-9999779cfa90
255,E08000015,Wirral,329110,386965,-3.06701,53.37478,160870001.157883,126188.126132668,d14c41cf-002f-44a0-a7d8-5424b1dcf3a5
256,E08000016,Barnsley,429979,403327,-1.54925,53.52577,329132310.288544,123629.854750635,53f4f88a-ba49-4890-a7e0-229550888239
257,E08000017,Doncaster,459167,403735,-1.10894,53.52697,568021599.60611,168567.973840823,d0f2665d-bd24-4725-a616-7dc7fad0c0e9
258,E08000018,Rotherham,447542,388980,-1.28651,53.39553,286460847.758865,103584.310128211,eb160ea1-5b41-4786-bff5-1cbb59a614e3
259,E08000019,Sheffield,430511,389736,-1.54254,53.40358,367853701.195816,129228.116053253,7af73645-33f3-4658-a9fd-f9aae4368f57
260,E08000021,Newcastle upon Tyne,422287,569661,-1.65297,55.021,113437334.615753,64340.429959609,436354bd-5fed-4c48-9cf4-5949c5aa180c
261,E08000022,North Tyneside,431471,570602,-1.50923,55.02896,82298326.2639618,63023.6897265795,c133b200-124a-4515-bd4b-6a3b12a492b9
262,E08000023,South Tyneside,435514,564057,-1.44679,54.96988,64434562.603302,49089.5661365513,cc7a8736-6b7f-41c9-8286-d4caa838c344
263,E08000024,Sunderland,436470,551524,-1.43344,54.85719,137390705.18251,97580.062274183,90d2804a-9ef6-4eb2-95a9-bf21a13cb117
264,E08000025,Birmingham,408150,287352,-1.88141,52.48404,267777410.955673,104108.323107617,2549f1bd-c7fa-4d79-8ba8-51ad2d74054a
265,E08000026,Coventry,432807,279689,-1.51908,52.41423,98624252.0988464,52997.5978798429,9406f82d-df7c-4e41-a9c1-a31628e96a03
266,E08000027,Dudley,393191,288584,-2.10171,52.49513,97939550.2506104,72677.552542394,f4086b1c-d913-4791-b360-7dccb0185ec9
267,E08000028,Sandwell,399573,290764,-2.00771,52.51477,85588772.9246063,57896.6536226254,772be013-37ca-4f2e-847c-677757442b60
268,E08000029,Solihull,419434,281483,-1.71558,52.431,178289343.31118,98749.2387741058,e8537ecd-6a85-4fcb-b29c-fb31c221dbfb
269,E08000030,Walsall,402098,300804,-1.97044,52.60503,103990092.971931,58573.3578540354,b2ce7e49-921a-4489-a1d2-08a697feba24
270,E08000031,Wolverhampton,391463,300016,-2.12746,52.59788,69439423.9339371,54798.7057132619,2238d4f2-79fd-4f09-971f-420339ec1137
271,E08000032,Bradford,408395,438626,-1.87389,53.84382,366394313.548904,131637.831615058,405ff12c-787d-4945-8ff3-2a8356f63f91
272,E08000033,Calderdale,402617,424896,-1.96182,53.72048,363988452.112488,105460.256673539,1e5832f5-89d8-4fbb-aee8-a4e80368bc18
273,E08000034,Kirklees,414586,416223,-1.78085,53.64233,408496935.330185,121474.795111358,43d4b3be-8c42-4ed6-9d76-3d52333184aa
274,E08000035,Leeds,432528,436384,-1.50736,53.82273,551788498.303558,156582.766196198,daee6c4b-1279-4c29-9c18-ea7f7b6320c5
275,E08000036,Wakefield,438366,418235,-1.42092,53.65922,338609150.781937,106102.958969638,f0861669-9651-4739-ad33-c0fd92dbefcf
276,E08000037,Gateshead,420158,559652,-1.68696,54.93115,142324965.09343,87283.1982852451,1ee1ddb9-9138-40af-913b-1f8ea8bf4e51
277,E09000001,City of London,532381,181359,-0.09353,51.51565,2884635.81438446,9010.89827485,ca161e31-08ce-4319-abd9-f0a8928a49a7
278,E09000002,Barking and Dagenham,547757,185111,0.129479,51.54555,36104537.3241348,39824.1712381655,02beafdb-e414-4111-a64c-54b43bf278a2
279,E09000003,Barnet,523472,191753,-0.21821,51.61108,86793334.3501892,49735.8228405616,6e6f5560-6736-4f16-a972-1c0ad66fc68a
280,E09000004,Bexley,549202,175434,0.146212,51.45822,60586821.5935287,46087.5148733601,03d0ec73-74c1-4f65-9f73-5fe419171081
281,E09000005,Brent,519615,186468,-0.27568,51.56441,43207731.5331345,37633.8201220058,b04d962f-8d90-43c1-aa0d-f6fc53546036
282,E09000006,Bromley,542036,165708,0.039246,51.37267,150129507.144264,74623.1062673493,26485559-46e7-4dd7-ba40-e30c0853307e
283,E09000007,Camden,527492,184284,-0.16289,51.54306,21809361.3535309,25841.3439289305,6a361a97-05ea-4d9a-a30b-d51bd4dd8227
284,E09000008,Croydon,533922,164745,-0.07761,51.36598,86529582.4404755,57497.7534196089,cd44d53d-eb81-4913-81a7-8b6d70f072fe
285,E09000009,Ealing,517057,181960,-0.31407,51.52443,55539881.0874557,46687.5811525234,44398460-68f0-4b7a-b057-a44a0da1b743
286,E09000010,Enfield,532829,196197,-0.08147,51.64888,82181653.428894,40454.2059124075,ff1b00fb-d390-4657-8791-7f977b06749c
287,E09000011,Greenwich,542507,175879,0.050093,51.46394,47296375.9916534,46258.4022098423,93082bf2-ac29-477e-a339-b32305132f29
288,E09000012,Hackney,534560,185787,-0.06045,51.55492,19047237.8508224,24982.3539536936,da999d5c-e005-4ba6-b7f4-28deb12005fe
289,E09000013,Hammersmith and Fulham,523867,177993,-0.21735,51.48733,16391378.2011795,23470.1430947243,02350ede-6074-4755-a3cd-fbdae80ac73e
290,E09000014,Haringey,531262,189349,-0.10667,51.58771,29592870.4335861,28352.6502968743,f25c93f1-2c48-43b8-b52c-f85fea6d5e49
291,E09000015,Harrow,515356,189736,-0.33603,51.59467,50467537.4955521,33256.5142719643,c0613906-00be-4071-8c9b-86d4b6a243be
292,E09000016,Havering,555032,187514,0.235368,51.56519,112328270.090454,62456.3272021402,0e692cb7-5d62-4fa3-879b-72a1f42b6cf3
293,E09000017,Hillingdon,508166,183120,-0.44182,51.53663,115741349.215019,62392.0416588091,b69ea2fe-55cb-41e9-ac58-628c723b3196
294,E09000018,Hounslow,512742,174965,-0.37847,51.46243,55950879.5858536,62599.110201707,fc69ed4f-2712-4aff-84cf-b759a1e3901d
295,E09000019,Islington,531158,184647,-0.10992,51.54548,14846648.2121048,20452.4440515922,dd985ecd-14d2-47b5-8163-ceacacdee156
296,E09000020,Kensington and Chelsea,525757,179053,-0.18976,51.49644,12143662.9571686,20690.9509658988,ecd87040-a1e5-4734-a725-1aa37b61a07f
297,E09000021,Kingston upon Thames,519508,167389,-0.28367,51.39296,37279152.2770157,37049.0781871898,71468c76-3785-4628-8d77-2c1da91023c4
298,E09000022,Lambeth,531117,175629,-0.11386,51.46445,26789379.1884384,33307.6316479333,10baa875-f0f2-4ed1-86b4-2e4a6394026d
299,E09000023,Lewisham,537889,173344,-0.01733,51.44231,35180005.0993805,40228.3522522939,d36cdaa9-4dfe-44ba-aae1-f63248c5d819
300,E09000024,Merton,526069,169507,-0.18867,51.41057,37632862.6198196,31727.9230077732,b87153c8-4a6d-40ba-af87-0092bed4fdc7
301,E09000025,Newham,540714,183344,0.027275,51.53147,36195705.7885971,34577.5855054749,9c8f7930-19d2-4445-8cbc-ec82c97e006c
302,E09000026,Redbridge,543512,189477,0.070085,51.58588,56387101.7304764,49298.9848374159,99ba6dad-da62-46a4-b8fa-469bc55d8001
303,E09000027,Richmond upon Thames,519005,172650,-0.28914,51.44035,57325921.6024246,67157.7101927559,0a070b44-1c93-43d4-ab27-bc1964fe62cb
304,E09000028,Southwark,533945,175863,-0.07309,51.46589,28849325.2341614,33561.6499707193,9ce29eb6-2275-4019-b8ef-c58e5b87e8b7
305,E09000029,Sutton,527356,163640,-0.17227,51.35756,43835278.7070313,39068.9166642533,965a8c26-37bb-43ec-8fbc-58bbec871776
306,E09000030,Tower Hamlets,536340,181452,-0.03647,51.51554,19767102.2127914,27416.3529826166,0e11feee-f806-42c6-a2ce-73e7cf7a7359
307,E09000031,Waltham Forest,537327,190277,-0.01881,51.59461,38820870.8656998,32589.7698764685,999cd5a9-8a44-44cd-a60b-efa11b4b9962
308,E09000032,Wandsworth,525151,174138,-0.20023,51.4524,34270731.0011292,37946.1148002148,7477d94c-0507-4eee-b66a-3361b9ba7c11
309,E09000033,Westminster,528268,180870,-0.15295,51.5122,21449377.7913818,26891.818949602,abead364-e1c9-4d38-abe9-6bd7298e0583
310,N09000001,Antrim and Newtownabbey,130813,541285,-6.1776,54.69386,728207669.282898,161709.751784215,1776148f-f261-4236-98ae-fbc4a12cd896
311,N09000002,"Armagh City, Banbridge and Craigavon",112110,508158,-6.43455,54.3867,1437080684.2715,237853.637238965,842db5b9-2562-45a2-81c4-0a03f6a066b1
312,N09000003,Belfast,146465,529747,-5.92535,54.59853,137700104.878326,64577.4853467291,64343e73-f4d5-45d5-a816-e1fd19482086
313,N09000004,Causeway Coast and Glens,106168,581420,-6.5996,55.03962,1985640721.76866,354906.141631707,1130baa1-a5ae-4907-b8a1-538450acc007
314,N09000005,Derry City and Strabane,51779,559566,-7.42064,54.80904,1251137361.54126,264493.144807143,fcd7207e-3a8e-497d-bab8-3a542117508e
315,N09000006,Fermanagh and Omagh,41233,513013,-7.5271,54.38521,3012148104.71118,413259.826315115,ad85a41f-3e2f-475b-9c74-44d6e228c020
316,N09000007,Lisburn and Castlereagh,138712,518920,-6.03545,54.49752,510440819.534676,162982.024592254,5ac8cb70-ffb4-47f6-82b3-937c8e0286b5
317,N09000008,Mid and East Antrim,133943,560151,-6.14645,54.86462,1061381644.70406,227352.620636899,3bca82c4-7e80-4284-a912-f07dbdeaf20d
318,N09000009,Mid Ulster,83920,528564,-6.8889,54.55273,1957254315.35462,310985.394814447,86a7e60e-f40d-483c-a878-84984253dbdc
319,N09000010,"Newry, Mourne and Down",133006,480432,-6.08891,54.14953,1682433839.75002,360947.03752554,bc64ffa5-3171-411b-a5bd-eddd94de50f7
320,N09000011,Ards and North Down,164321,524944,-5.64568,54.56409,566544754.41671,180082.058677577,1a358c5e-9ae8-4604-b8a8-08afcc61d250
321,S12000005,Clackmannanshire,291178,696402,-3.75316,56.14784,159193129.308044,94573.6454352684,6e526eb1-d8cf-40b1-b4a7-6860ee64389b
322,S12000006,Dumfries and Galloway,270645,579856,-4.02863,55.09621,6436464449.02309,1115267.76046901,6f7434d4-545b-40c0-a871-2e7b6c552744
323,S12000008,East Ayrshire,255398,624935,-4.29057,55.49674,1270362072.53201,330977.69751682,f591856f-d591-4bf6-8834-5a23bcb0f884
324,S12000010,East Lothian,354854,672351,-2.72435,55.94207,679285143.28241,193023.039156802,5258481e-b5d2-47e6-822d-1650b804aaf2
325,S12000011,East Renfrewshire,251930,653115,-4.36058,55.74868,174254451.703369,91837.1008804497,e21a7685-a2f0-49b6-8fd4-c700337bc3c4
326,S12000013,Na h-Eileanan Siar,126473,932862,-6.65722,58.19938,3093259200.8856,3406405.79435494,45d7557c-5902-4cec-b5fc-d5d6465299fd
327,S12000014,Falkirk,285585,680170,-3.83619,56.00077,297085012.743729,164262.472803178,ef1b0632-5d88-4e3c-8da4-9a28ae520709
328,S12000017,Highland,241018,858292,-4.66103,57.58657,26157462955.5137,4770441.8255538,381b8b80-70a5-43f4-ac9a-d18758aba504
329,S12000018,Inverclyde,227922,670894,-4.75387,55.9003,161920506.358093,75788.7734340028,4294d8b2-3cd3-424c-8ccf-c9c04e9c6a54
330,S12000019,Midlothian,330088,659217,-3.11738,55.82111,355263268.237717,124143.899252623,fcb34622-f9a3-4919-ade9-f767a13bac70
331,S12000020,Moray,328015,843590,-3.20202,57.4768,2237746773.37193,446860.237533203,f3b15fcc-f7ab-497c-95a7-603452905699
332,S12000021,North Ayrshire,228996,651640,-4.7246,55.72789,885394269.823059,330493.960277764,d176cf7b-0c67-4c95-9895-e6a90a960fd0
333,S12000023,Orkney Islands,348293,1006584,-2.90025,58.94334,1015540175.2393,1094494.54871914,d545ebbb-4b1d-4ea7-82ae-fc1005e7dfdc
334,S12000026,Scottish Borders,345889,626137,-2.85869,55.52595,4739231286.09923,499856.227339119,659b472e-5fef-4ba1-bdbc-b8ec76ccff4b
335,S12000027,Shetland Islands,434516,1180307,-1.37344,60.50495,1467283088.22849,2046299.91531471,01ebc993-8cfa-4bb4-b591-0789aca9c2ac
336,S12000028,South Ayrshire,226545,596271,-4.72899,55.23008,1224359486.3465,317941.180150789,f4e07ea3-81b1-452c-9940-f20eda8085ac
337,S12000029,South Lanarkshire,284634,636071,-3.83272,55.60453,1773920369.40843,280110.111774286,7402ce52-0119-4553-814b-138c380d5d81
338,S12000030,Stirling,255980,708769,-4.32595,56.24953,2252648415.24126,367110.085662065,f434336e-5632-4c45-b86e-03314befee4a
339,S12000033,Aberdeen City,387763,808479,-2.20398,57.16697,185595297.379913,118857.487215491,26638057-8a65-4c1d-bc2b-b5caf88140b7
340,S12000034,Aberdeenshire,352284,816277,-2.79208,57.23469,6317967522.50951,748613.678072736,076a4f64-d293-4aa3-bcd4-2800283d0d23
341,S12000035,Argyll and Bute,200740,715443,-5.22114,56.28944,7004678164.21627,3440367.44746408,7c317261-31fa-41c9-82c9-0f25134df65c
342,S12000036,City of Edinburgh,320193,669417,-3.27826,55.9112,263379450.085571,107724.092327465,4b97a79a-be39-454d-8561-416ee8391017
343,S12000038,Renfrewshire,239305,664698,-4.56834,55.84862,261464822.429596,127532.418329389,b541e3f0-863b-41bc-9604-ae404bfacad5
344,S12000039,West Dunbartonshire,242904,681586,-4.52074,56.0014,177291151.92363,100551.544646512,70908502-b9d8-4277-b6e7-832abee8330d
345,S12000040,West Lothian,299483,668514,-3.60909,55.8992,428820085.932053,131832.825723536,c27f5112-c415-4134-bb46-56a3557201be
346,S12000041,Angus,345506,759636,-2.8921,56.72518,2185012984.43314,318735.5597002,142695c6-4cfc-421a-abaf-71d13c30c3bf
347,S12000042,Dundee City,340291,732145,-2.97095,56.4776,59821977.5506134,47086.4069044753,4b739d08-ae1b-4b4f-849a-94b864a7796d
348,S12000045,East Dunbartonshire,261240,676154,-4.22417,55.95829,174481460.596344,97680.2073971135,989ac3b6-357b-428b-80bc-9cd4f62564be
349,S12000047,Fife,339187,704721,-2.98251,56.23112,1325375161.85216,339546.870299253,50caf2ec-fd40-422b-ac87-51237d47b6df
350,S12000048,Perth and Kinross,284302,744185,-3.88484,56.57528,5383663187.36787,623904.354167896,4225e2a5-c178-479a-918b-29405f8fc2e1
351,S12000049,Glasgow City,261534,667033,-4.21479,55.87649,174635610.087662,132810.652544279,03b56638-96e3-4f16-a7be-b0aa76070978
352,S12000050,North Lanarkshire,277984,665608,-3.9514,55.86814,472349440.812943,160466.397119373,8c55f1a6-7dd7-4f94-b1fc-145725cc4b1a
353,W06000001,Isle of Anglesey,245217,378331,-4.32298,53.27931,715156184.153214,337808.406885582,e807f381-ee38-4466-9e1c-9d8a75905e50
354,W06000002,Gwynedd,280555,334966,-3.77715,52.89883,2548397438.96212,605168.762416144,1db7bf05-1c7a-40c5-aa01-80ac1d2ea458
355,W06000003,Conwy,283293,362563,-3.74646,53.14739,1130297191.1746,275692.875260245,d21c4974-f8f6-407c-8f2f-f807626e05a5
356,W06000004,Denbighshire,309843,355416,-3.34761,53.08833,838724358.068909,224451.398467694,bc9e8e2b-68b6-443d-9389-6b00ee8e9605
357,W06000005,Flintshire,321134,369280,-3.18248,53.21471,439758383.269875,229888.480969177,ee32c8a7-6b96-484d-bac9-e6a9ef01b200
358,W06000006,Wrexham,333523,345387,-2.99203,53.00167,503684528.387421,184204.646891665,7ce5a3d9-b05f-4c20-9ec7-04b31f09fb83
359,W06000008,Ceredigion,267127,268437,-3.94993,52.29795,1788297793.39382,361565.398059983,d25cf812-11fb-4616-aa43-4fae7ebcc75d
360,W06000009,Pembrokeshire,199821,221392,-4.90818,51.85513,1618105400.09453,665082.504593586,eafad38c-89b7-48bb-8894-7783a2232816
361,W06000010,Carmarthenshire,247954,224133,-4.2111,51.89495,2371010361.84428,560074.627543316,03a7c702-da77-416d-b088-2769f1ca67ca
362,W06000011,Swansea,264022,197308,-3.96723,51.65806,377541013.5788,252905.62883527,2f2ba04a-76a9-429c-8928-22ab82524868
363,W06000012,Neath Port Talbot,279261,195412,-3.74638,51.6445,442242865.038658,176816.74057086,3a91d87a-66a1-48c4-b208-4b403253a450
364,W06000013,Bridgend,288231,185870,-3.61375,51.5606,250834030.077705,87975.1037285872,d8cb04cd-efb5-4b25-b361-f37952756c4e
365,W06000014,Vale of Glamorgan,302947,173080,-3.39801,51.44836,331278230.96661,104653.639545465,70c3cb99-3fee-41eb-a343-fafa96e67a98
366,W06000015,Cardiff,315272,178887,-3.22209,51.50254,142356524.148193,76739.7668303801,e17d9f4c-700e-4ff1-9252-97b24645e15f
367,W06000016,Rhondda Cynon Taf,302237,192395,-3.41359,51.62185,424141285.313122,127150.240993269,d1f10b8e-43f9-4838-b9eb-1b0d0f9d730d
368,W06000018,Caerphilly,317245,195259,-3.19753,51.65001,277360976.732971,113811.395935105,a4c79899-e554-437a-a718-2822b6df281c
369,W06000019,Blaenau Gwent,318236,206771,-3.18592,51.75364,108725215.547066,64667.0852609213,36878f97-690b-4ca9-b906-9d0e50aeb5a9
370,W06000020,Torfaen,327459,200480,-3.05101,51.69836,126225209.441776,78986.9296757986,92320223-03e5-40ff-964f-bb852794e4a7
371,W06000021,Monmouthshire,337812,209231,-2.9028,51.77827,850334944.189293,218902.985146844,1723d842-0317-49cd-9052-fa81e5018470
372,W06000022,Newport,337897,187432,-2.89769,51.58231,190436144.167267,148347.565498987,ac98ea26-e445-4b3d-97c4-9a11ee5341cf
373,W06000023,Powys,302329,273255,-3.43531,52.34864,5195394553.10152,589944.973227022,fbd703d7-f49a-457f-90db-6f7cf538d804
374,W06000024,Merthyr Tydfil,305916,206424,-3.36425,51.74858,111928911.41972,65307.9864020623,88806680-dee5-4d46-929e-d8f60f8d2a00
